Title,URL
Expenses and employee benefits - GOV.UK,https://www.gov.uk/browse/business/expenses-employee-benefits
"
      Capital Gains and other taxes manual - Appendix 22: CGT - indexation allowance - Guidance - GOV.UK
  ",https://www.gov.uk/guidance/capital-gains-and-other-taxes-manual/appendix-22-cgt-indexation-allowance
"
      Childminders and childcare providers: register with Ofsted - Registration requirements - Guidance - GOV.UK
  ",https://www.gov.uk/guidance/childminders-and-childcare-providers-register-with-ofsted/registration-requirements
"
      Rating Manual section 4: valuation methods - Part 3: practice note 1 - 2017L revaluation - the contractor's basis - age and obsolescence allowances - Guidance - GOV.UK
  ",https://www.gov.uk/guidance/rating-manual-section-4-valuation-methods/part-3-practice-note-1-2017l-revaluation-the-contractor-s-basis-age-and-obsolescence-allowances
"
      Expenses and benefits: office and workshop equipment and supplies - GOV.UK
  ",https://www.gov.uk/expenses-and-benefits-office-equipment
"
      How and when your benefits are paid - GOV.UK
  ",https://www.gov.uk/how-to-have-your-benefits-paid
"
      Going into a care home if you get benefits - GOV.UK
  ",https://www.gov.uk/going-to-care-home-benefits
"
      Tax Free Childcare (Providers) - Alpha Assessment - GOV.UK
  ",https://www.gov.uk/service-standard-reports/tax-free-childcare-providers-alpha-assessment
"
      Childminders and childcare providers: register with Ofsted - Suitability checks - Guidance - GOV.UK
  ",https://www.gov.uk/guidance/childminders-and-childcare-providers-register-with-ofsted/suitability-checks
"
      Claim Child Benefits beta assessment - GOV.UK
  ",https://www.gov.uk/service-standard-reports/claim-child-benefits-beta-assessment
"
      Benefit cap: Benefits affected by the cap - GOV.UK
  ",https://www.gov.uk/benefit-cap
"
      Benefit cap: Help if you're affected by the benefit cap - GOV.UK
  ",https://www.gov.uk/benefit-cap/help-with-the-benefit-cap
"
      Benefit cap: When you're not affected - GOV.UK
  ",https://www.gov.uk/benefit-cap/when-youre-not-affected
"
      Benefit cap: When the benefit cap affects your Universal Credit payments - GOV.UK
  ",https://www.gov.uk/benefit-cap/how-earnings-affect-when-benefit-cap-starts
"
      Benefit cap: Benefit cap amounts - GOV.UK
  ",https://www.gov.uk/benefit-cap/benefit-cap-amounts
"
      Expenses and benefits: relocation costs: Overview - GOV.UK
  ",https://www.gov.uk/expenses-and-benefits-relocation
"
      Expenses and benefits: relocation costs: What you do not have to report - GOV.UK
  ",https://www.gov.uk/expenses-and-benefits-relocation/whats-exempt
"
      Expenses and benefits: relocation costs: Work out the value - GOV.UK
  ",https://www.gov.uk/expenses-and-benefits-relocation/work-out-the-value
"
      Expenses and benefits: relocation costs: What to report and pay - GOV.UK
  ",https://www.gov.uk/expenses-and-benefits-relocation/what-to-report-and-pay
"
      Expenses and benefits: relocation costs: Technical guidance - GOV.UK
  ",https://www.gov.uk/expenses-and-benefits-relocation/technical-guidance
"
      Tax on company benefits: Overview - GOV.UK
  ",https://www.gov.uk/tax-company-benefits
"
      Tax on company benefits: Tax-free company benefits - GOV.UK
  ",https://www.gov.uk/tax-company-benefits/taxfree-company-benefits
"
      Tax on company benefits: Tax on company cars - GOV.UK
  ",https://www.gov.uk/tax-company-benefits/tax-on-company-cars
"
      Tax on company benefits: National Insurance on company benefits - GOV.UK
  ",https://www.gov.uk/tax-company-benefits/national-insurance-on-company-benefits
"
      Tax on company benefits: Keeping records and reporting changes - GOV.UK
  ",https://www.gov.uk/tax-company-benefits/keeping-records-and-reporting-changes
"
      Tax on company benefits: Other company benefits you'll pay tax on - GOV.UK
  ",https://www.gov.uk/tax-company-benefits/other-company-benefits-youll-pay-tax-on
"
      Expenses and benefits: congestion charges: Overview - GOV.UK
  ",https://www.gov.uk/expenses-and-benefits-congestion-charges
"
      Expenses and benefits: congestion charges: Technical guidance - GOV.UK
  ",https://www.gov.uk/expenses-and-benefits-congestion-charges/technical-guidance
"
      Expenses and benefits: congestion charges: What's exempt - GOV.UK
  ",https://www.gov.uk/expenses-and-benefits-congestion-charges/whats-exempt
"
      Expenses and benefits: congestion charges: What to report and pay - GOV.UK
  ",https://www.gov.uk/expenses-and-benefits-congestion-charges/what-to-report-and-pay
"
      Self-employment and Universal Credit - GOV.UK
  ",https://www.gov.uk/self-employment-and-universal-credit
"
      Tax-Free Childcare - GOV.UK
  ",https://www.gov.uk/tax-free-childcare
"
      Delay (defer) your State Pension: If you get benefits or tax credits - GOV.UK
  ",https://www.gov.uk/deferring-state-pension/getting-benefits
"
      Correct a mistake on your tax credits claim form - GOV.UK
  ",https://www.gov.uk/correct-mistake-tax-credits-claim-form
"
      Your benefits, tax and pension after the death of a partner: Pensions - GOV.UK
  ",https://www.gov.uk/death-spouse-benefits-tax-pension/pensions
"
      Your benefits, tax and pension after the death of a partner: Benefits - GOV.UK
  ",https://www.gov.uk/death-spouse-benefits-tax-pension/benefits
"
      Your benefits, tax and pension after the death of a partner: Tax and National Insurance - GOV.UK
  ",https://www.gov.uk/death-spouse-benefits-tax-pension
"
      Capital Gains and other taxes manual - Appendix 3: form VO 1040 - capital allowances - request for RBS assistance - Guidance - GOV.UK
  ",https://www.gov.uk/guidance/capital-gains-and-other-taxes-manual/appendix-3-form-vo-1040-capital-allowances-request-for-rbs-assistance
"
      Work out your writing down allowances: When to use writing down allowances - GOV.UK
  ",https://www.gov.uk/work-out-capital-allowances
"
      Work out your writing down allowances: Rates and pools - GOV.UK
  ",https://www.gov.uk/work-out-capital-allowances/rates-and-pools
"
      Work out your writing down allowances: Work out what you can claim - GOV.UK
  ",https://www.gov.uk/work-out-capital-allowances/work-out-what-you-can-claim
"
      Expenses and benefits: miners' coal - GOV.UK
  ",https://www.gov.uk/expenses-and-benefits-miners-coal
"
      Expenses and benefits: computers loaned to an employee: What's exempt - GOV.UK
  ",https://www.gov.uk/expenses-benefits-computers-loaned-to-employee/whats-exempt
"
      Expenses and benefits: computers loaned to an employee: Overview - GOV.UK
  ",https://www.gov.uk/expenses-benefits-computers-loaned-to-employee
"
      Expenses and benefits: computers loaned to an employee: Technical guidance - GOV.UK
  ",https://www.gov.uk/expenses-benefits-computers-loaned-to-employee/technical-guidance
"
      Expenses and benefits: computers loaned to an employee: Work out the value - GOV.UK
  ",https://www.gov.uk/expenses-benefits-computers-loaned-to-employee/work-out-the-value
"
      Expenses and benefits: computers loaned to an employee: What to report and pay - GOV.UK
  ",https://www.gov.uk/expenses-benefits-computers-loaned-to-employee/what-to-report-and-pay
Childcare providers - GOV.UK,https://www.gov.uk/browse/business/childcare-providers
"
      Child Tax Credit when your child reaches 16 - GOV.UK
  ",https://www.gov.uk/child-tax-credit-when-child-reaches-16
Apply for Tax-Free Childcare - GOV.UK,https://www.gov.uk/apply-for-tax-free-childcare
"
      Get help with savings if you’re on a low income (Help to Save): How it will affect your benefits - GOV.UK
  ",https://www.gov.uk/get-help-savings-low-income/how-it-will-affect-your-benefits
Apply for free childcare if you're working - GOV.UK,https://www.gov.uk/apply-free-childcare-if-youre-working
UK benefits if you’re going or living abroad - GOV.UK,https://www.gov.uk/uk-benefits-abroad
"
      Tax on your private pension contributions: Lump sum allowance - GOV.UK
  ",https://www.gov.uk/tax-on-your-private-pension/lump-sum-allowance
"
      Repay Child Benefit overpayments - GOV.UK
  ",https://www.gov.uk/repay-child-benefit-overpayments
Find a Disabled Students' Allowance assessment provider - GOV.UK,https://www.gov.uk/disabled-students-allowances-assessment-centre
"
      Tax on your private pension contributions: Annual allowance - GOV.UK
  ",https://www.gov.uk/tax-on-your-private-pension/annual-allowance
"
      Child Benefit if your child lives with someone else - GOV.UK
  ",https://www.gov.uk/child-benefit-child-lives-with-someone-else
"
      CLOSED: Starting out Supporting Self Employment IP1.1: Leeds City Region LEP area (OC20S18P1118) - GOV.UK
  ",https://www.gov.uk/european-structural-investment-funds/starting-out-supporting-self-employment-ip1-1-leeds-city-region-lep-area-oc20s18p1118
"Fostering, adoption and surrogacy - GOV.UK",https://www.gov.uk/browse/childcare-parenting/fostering-adoption-surrogacy
Residential childcare worker registration (Wales) - GOV.UK,https://www.gov.uk/find-licences/residential-childcare-worker-registration-wales
Residential childcare manager registration (Wales) - GOV.UK,https://www.gov.uk/find-licences/residential-childcare-manager-registration-wales
"
      Child Benefit if you move to the UK - GOV.UK
  ",https://www.gov.uk/child-benefit-move-to-uk
Manage your tax credits - GOV.UK,https://www.gov.uk/manage-your-tax-credits
"
      Disability Living Allowance (DLA) for adults: Overview - GOV.UK
  ",https://www.gov.uk/dla-disability-living-allowance-benefit
"
      Disability Living Allowance (DLA) for adults: DLA rates - GOV.UK
  ",https://www.gov.uk/dla-disability-living-allowance-benefit/DLA-rates
"
      Disability Living Allowance (DLA) for adults: If you already get DLA - GOV.UK
  ",https://www.gov.uk/dla-disability-living-allowance-benefit/your-DLA-claim
"
      Tax credits checks - GOV.UK
  ",https://www.gov.uk/tax-credits-checks
"
      Tax on your UK income if you live abroad: Personal Allowance - GOV.UK
  ",https://www.gov.uk/tax-uk-income-live-abroad/personal-allowance
"
      Benefits & Credits Consultation Group  - GOV.UK
  ",https://www.gov.uk/government/groups/benefits-credits-consultation-group-bccg
"
      Help if you have a disabled child: Childcare - GOV.UK
  ",https://www.gov.uk/help-for-disabled-child/childcare
"
      Expenses and benefits: club membership: Overview - GOV.UK
  ",https://www.gov.uk/expenses-and-benefits-club-membership
"
      Education Maintenance Allowance (EMA) - GOV.UK
  ",https://www.gov.uk/education-maintenance-allowance-ema
"
      Support visits if you need help to claim benefits - GOV.UK
  ",https://www.gov.uk/support-visit-benefit-claim
"
      Carlyle European Partners II / Britax Childcare Ltd - GOV.UK
  ",https://www.gov.uk/cma-cases/carlyle-european-partners-ii-britax-childcare-ltd
"
      Expenses and benefits: tool allowances: Overview - GOV.UK
  ",https://www.gov.uk/expenses-and-benefits-tool-allowances
"
      Expenses and benefits: tool allowances: Technical guidance - GOV.UK
  ",https://www.gov.uk/expenses-and-benefits-tool-allowances/technical-guidance
"
      Expenses and benefits: tool allowances: What to report and pay - GOV.UK
  ",https://www.gov.uk/expenses-and-benefits-tool-allowances/what-to-report-and-pay
"
      Expenses and benefits: public transport: Overview - GOV.UK
  ",https://www.gov.uk/expenses-and-benefits-public-transport
"
      Expenses and benefits: public transport: Technical guidance - GOV.UK
  ",https://www.gov.uk/expenses-and-benefits-public-transport/technical-guidance
"
      Expenses and benefits: public transport: What to report and pay - GOV.UK
  ",https://www.gov.uk/expenses-and-benefits-public-transport/what-to-report-and-pay
"
      Expenses and benefits: public transport: What's exempt - GOV.UK
  ",https://www.gov.uk/expenses-and-benefits-public-transport/whats-exempt
"
      Early retirement, your pension and benefits: Benefits - GOV.UK
  ",https://www.gov.uk/early-retirement-pension/benefits
"
      Claim capital allowances: Overview - GOV.UK
  ",https://www.gov.uk/capital-allowances
"
      Claim capital allowances: How to claim - GOV.UK
  ",https://www.gov.uk/capital-allowances/how-to-claim
"
      Claim capital allowances: Business cars - GOV.UK
  ",https://www.gov.uk/capital-allowances/business-cars
"
      Claim capital allowances: 100% first year allowances - GOV.UK
  ",https://www.gov.uk/capital-allowances/first-year-allowances
"
      Claim capital allowances: What you can claim on - GOV.UK
  ",https://www.gov.uk/capital-allowances/what-you-can-claim-on
"
      Claim capital allowances:  The super-deduction and 50% special rate first year allowance  - GOV.UK
  ",https://www.gov.uk/capital-allowances/temporary-first-year-allowances
"
      Rent Officer Handbook: Local Housing Allowance - Local Housing Allowances: determination - Guidance - GOV.UK
  ",https://www.gov.uk/guidance/rent-officer-handbook-local-housing-allowances/local-housing-allowances-determination
"
      Claim capital allowances: Annual investment allowance - GOV.UK
  ",https://www.gov.uk/capital-allowances/annual-investment-allowance
"
      Expenses and benefits: assets bought, sold or given : Overview - GOV.UK
  ",https://www.gov.uk/expenses-and-benefits-assets-bought-sold-or-given
"
      Expenses and benefits: assets bought, sold or given : Technical guidance - GOV.UK
  ",https://www.gov.uk/expenses-and-benefits-assets-bought-sold-or-given/technical-guidance
"
      Expenses and benefits: assets bought, sold or given : What to report and pay - GOV.UK
  ",https://www.gov.uk/expenses-and-benefits-assets-bought-sold-or-given/what-to-report-and-pay
"
      Expenses and benefits: assets bought, sold or given : Work out the value - GOV.UK
  ",https://www.gov.uk/expenses-and-benefits-assets-bought-sold-or-given/work-out-the-value
"
      Childminders and childcare providers: register with Ofsted - Inspections - Guidance - GOV.UK
  ",https://www.gov.uk/guidance/childminders-and-childcare-providers-register-with-ofsted/inspections
"
      Measuring the benefits of your service - Service Manual - GOV.UK
  ",https://www.gov.uk/service-manual/measuring-success/measuring-service-benefits
"
      Help and support for foster parents in England: Claiming benefits - GOV.UK
  ",https://www.gov.uk/support-for-foster-parents/claiming-benefits
"
      Contact Jobcentre Plus: Existing benefit claims - GOV.UK
  ",https://www.gov.uk/contact-jobcentre-plus/existing-benefit-claims
"
      Contact Jobcentre Plus: New benefit claims - GOV.UK
  ",https://www.gov.uk/contact-jobcentre-plus/new-benefit-claims
"
      If your Universal Credit is reviewed - GOV.UK
  ",https://www.gov.uk/universal-credit-reviews
"
      Being inspected as a childminder or childcare provider - GOV.UK
  ",https://www.gov.uk/ofsted-inspection-childcare-provider
"
      Childminders and childcare providers: register with Ofsted - Feedback and contacts - Guidance - GOV.UK
  ",https://www.gov.uk/guidance/childminders-and-childcare-providers-register-with-ofsted/feedback-and-contacts
Benefits and financial support if you're looking for work - GOV.UK,https://www.gov.uk/browse/benefits/looking-for-work
"
      Childminders and childcare providers: register with Ofsted - The Ofsted registers - Guidance - GOV.UK
  ",https://www.gov.uk/guidance/childminders-and-childcare-providers-register-with-ofsted/the-ofsted-registers
"
      Blind Person's Allowance: Overview - GOV.UK
  ",https://www.gov.uk/blind-persons-allowance
"
      Blind Person's Allowance: Transfer your allowance - GOV.UK
  ",https://www.gov.uk/blind-persons-allowance/transfer-allowance
"
      Blind Person's Allowance: How to claim - GOV.UK
  ",https://www.gov.uk/blind-persons-allowance/how-to-claim
"
      Blind Person's Allowance: What you'll get - GOV.UK
  ",https://www.gov.uk/blind-persons-allowance/what-youll-get
"
      Blind Person's Allowance: Eligibility - GOV.UK
  ",https://www.gov.uk/blind-persons-allowance/eligibility
"
      Childminders and childcare providers: register with Ofsted - Nannies: registration - Guidance - GOV.UK
  ",https://www.gov.uk/guidance/childminders-and-childcare-providers-register-with-ofsted/nannies-registration
"
      Expenses and benefits for employers: Exemptions and dispensations - GOV.UK
  ",https://www.gov.uk/employer-reporting-expenses-benefits/dispensations
"
      Expenses and benefits for employers: Deadlines - GOV.UK
  ",https://www.gov.uk/employer-reporting-expenses-benefits/deadlines
"
      Expenses and benefits for employers: Overview - GOV.UK
  ",https://www.gov.uk/employer-reporting-expenses-benefits
"
      Expenses and benefits for employers: Record keeping - GOV.UK
  ",https://www.gov.uk/employer-reporting-expenses-benefits/record-keeping
"
      Expenses and benefits for employers: Reporting and paying - GOV.UK
  ",https://www.gov.uk/employer-reporting-expenses-benefits/reporting-and-paying
"
      Rent Officer Handbook: Housing Benefit referral - Housing Benefit referral: tenancy information - Guidance - GOV.UK
  ",https://www.gov.uk/guidance/rent-officer-handbook-housing-benefit-referral/housing-benefit-referral-tenancy-information
Childcare - GOV.UK,https://www.gov.uk/browse/childcare-parenting/childcare
"
      Income Tax rates and Personal Allowances : Current rates and allowances - GOV.UK
  ",https://www.gov.uk/income-tax-rates
Benefits and financial help - GOV.UK,https://www.gov.uk/browse/disabilities/benefits
"
      Married Couple's Allowance: Further information - GOV.UK
  ",https://www.gov.uk/married-couples-allowance/further-information
"
      Married Couple's Allowance: How to claim - GOV.UK
  ",https://www.gov.uk/married-couples-allowance/how-to-claim
"
      Married Couple's Allowance: Overview - GOV.UK
  ",https://www.gov.uk/married-couples-allowance
"
      Married Couple's Allowance: Eligibility - GOV.UK
  ",https://www.gov.uk/married-couples-allowance/eligibility
"
      Married Couple's Allowance: What you'll get - GOV.UK
  ",https://www.gov.uk/married-couples-allowance/what-youll-get
"
      Childcare providers  - GOV.UK
  ",https://www.gov.uk/government/organisations/hm-revenue-customs/contact/childcare-providers-helpline
"
      Expenses and benefits: food and groceries - GOV.UK
  ",https://www.gov.uk/expenses-and-benefits-food-and-groceries
"
      Childcare Service helpline - GOV.UK
  ",https://www.gov.uk/government/organisations/hm-revenue-customs/contact/childcare-service-helpline
"
      Incapacity Benefit - GOV.UK
  ",https://www.gov.uk/incapacity-benefit
"
      Employment Allowance: What you'll get - GOV.UK
  ",https://www.gov.uk/claim-employment-allowance
"
      Employment Allowance: When to claim  - GOV.UK
  ",https://www.gov.uk/claim-employment-allowance/when-to-claim
"
      Employment Allowance: Check if you're eligible - GOV.UK
  ",https://www.gov.uk/claim-employment-allowance/eligibility
"
      Employment Allowance: After you've made a claim - GOV.UK
  ",https://www.gov.uk/claim-employment-allowance/after-youve-made-a-claim
"
      Employment Allowance: How to claim - GOV.UK
  ",https://www.gov.uk/claim-employment-allowance/how-to-claim
"
      Child Tax Credit: Overview - GOV.UK
  ",https://www.gov.uk/child-tax-credit
"
      Child Tax Credit: You're already claiming Child Tax Credit - GOV.UK
  ",https://www.gov.uk/child-tax-credit/already-claiming
"
      Child Tax Credit: Responsibility for a child - GOV.UK
  ",https://www.gov.uk/child-tax-credit/responsibility-for-child
"
      Child Tax Credit: If you're making a new claim - GOV.UK
  ",https://www.gov.uk/child-tax-credit/new-claim
"
      Child Tax Credit: How to claim - GOV.UK
  ",https://www.gov.uk/child-tax-credit/how-to-claim
"
      Child Tax Credit: How you're paid - GOV.UK
  ",https://www.gov.uk/child-tax-credit/how-youre-paid
"
      Report changes that affect your Child Benefit: If your child’s circumstances change - GOV.UK
  ",https://www.gov.uk/report-changes-child-benefit
"
      Report changes that affect your Child Benefit: If your circumstances change or you need to update your details - GOV.UK
  ",https://www.gov.uk/report-changes-child-benefit/if-your-familys-circumstances-change
"
      Childminders and childcare providers: register with Ofsted - Childcare and the law - Guidance - GOV.UK
  ",https://www.gov.uk/guidance/childminders-and-childcare-providers-register-with-ofsted/childcare-and-the-law
"
      Rent Officer Handbook: Local Housing Allowance - Local Housing Allowances: information - Guidance - GOV.UK
  ",https://www.gov.uk/guidance/rent-officer-handbook-local-housing-allowances/local-housing-allowances-information
"
      Expenses and benefits: cash sum payments to employees: Overview - GOV.UK
  ",https://www.gov.uk/expenses-and-benefits-cash-sum-payments
"
      Expenses and benefits: cash sum payments to employees: Scale rate payments - GOV.UK
  ",https://www.gov.uk/expenses-and-benefits-cash-sum-payments/scale-rate-payments
"
      Expenses and benefits: cash sum payments to employees: Rules for private expenses - GOV.UK
  ",https://www.gov.uk/expenses-and-benefits-cash-sum-payments/rules-for-private-expenses
"
      Expenses and benefits: cash sum payments to employees: Technical guidance - GOV.UK
  ",https://www.gov.uk/expenses-and-benefits-cash-sum-payments/technical-guidance
"
      Expenses and benefits: training payments: Overview - GOV.UK
  ",https://www.gov.uk/expenses-and-benefits-training-payments
"
      Expenses and benefits: cash sum payments to employees: Round sum allowances - GOV.UK
  ",https://www.gov.uk/expenses-and-benefits-cash-sum-payments/round-sum-allowances
"
      Expenses and benefits: cash sum payments to employees: Rules for business expenses - GOV.UK
  ",https://www.gov.uk/expenses-and-benefits-cash-sum-payments/rules-for-business-expenses
"
      Expenses and benefits: training payments: What to report and pay - GOV.UK
  ",https://www.gov.uk/expenses-and-benefits-training-payments/what-to-report-and-pay
"
      Expenses and benefits: training payments: Technical guidance - GOV.UK
  ",https://www.gov.uk/expenses-and-benefits-training-payments/technical-guidance
"
      Expenses and benefits: training payments: What's exempt - GOV.UK
  ",https://www.gov.uk/expenses-and-benefits-training-payments/whats-exempt
"
      Expenses and benefits: scholarship for an employee's family member: Overview - GOV.UK
  ",https://www.gov.uk/expenses-benefits-scholarship-family-employee
"
      Expenses and benefits: scholarship for an employee's family member: Technical guidance - GOV.UK
  ",https://www.gov.uk/expenses-benefits-scholarship-family-employee/technical-guidance
"
      Expenses and benefits: scholarship for an employee's family member: What to report and pay - GOV.UK
  ",https://www.gov.uk/expenses-benefits-scholarship-family-employee/what-to-report-and-pay
"
      Expenses and benefits: scholarship for an employee's family member: What's exempt - GOV.UK
  ",https://www.gov.uk/expenses-benefits-scholarship-family-employee/whats-exempt
"
      Expenses and benefits: loans provided to employees: Overview - GOV.UK
  ",https://www.gov.uk/expenses-and-benefits-loans-provided-to-employees
"
      Expenses and benefits: loans provided to employees: What's exempt - GOV.UK
  ",https://www.gov.uk/expenses-and-benefits-loans-provided-to-employees/whats-exempt
"
      Expenses and benefits: loans provided to employees: Technical guidance - GOV.UK
  ",https://www.gov.uk/expenses-and-benefits-loans-provided-to-employees/technical-guidance
"
      Expenses and benefits: loans provided to employees: What to report and pay - GOV.UK
  ",https://www.gov.uk/expenses-and-benefits-loans-provided-to-employees/what-to-report-and-pay
"
      Expenses and benefits: loans provided to employees: Work out the value - GOV.UK
  ",https://www.gov.uk/expenses-and-benefits-loans-provided-to-employees/work-out-the-value
"
      Expenses and benefits: third-party awards: Overview - GOV.UK
  ",https://www.gov.uk/expenses-and-benefits-third-party-awards
"
      Expenses and benefits: third-party awards: Technical guidance - GOV.UK
  ",https://www.gov.uk/expenses-and-benefits-third-party-awards/technical-guidance
"
      Expenses and benefits: third-party awards: Work out the value - GOV.UK
  ",https://www.gov.uk/expenses-and-benefits-third-party-awards/work-out-the-value
"
      Expenses and benefits: third-party awards: What to report and pay - GOV.UK
  ",https://www.gov.uk/expenses-and-benefits-third-party-awards/what-to-report-and-pay
"
      How tax credits and other benefits affect each other - GOV.UK
  ",https://www.gov.uk/how-tax-credits-affect-other-benefits
"
      Benefit overpayments: How to make a repayment - GOV.UK
  ",https://www.gov.uk/benefit-overpayments/how-to-make-a-repayment
"
      Benefit overpayments: When repayments have to be made - GOV.UK
  ",https://www.gov.uk/benefit-overpayments/when-repayments-have-to-be-made
"
      Benefit overpayments: Repayments when someone has died - GOV.UK
  ",https://www.gov.uk/benefit-overpayments/repayments-when-someone-has-died
"
      Benefit overpayments: Overview - GOV.UK
  ",https://www.gov.uk/benefit-overpayments
"
      Agent Dedicated Line: tax credits - GOV.UK
  ",https://www.gov.uk/government/organisations/hm-revenue-customs/contact/tax-credits-agent-priority-line
"
      Payroll: annual reporting and tasks: Report expenses and benefits - GOV.UK
  ",https://www.gov.uk/payroll-annual-reporting/report-expenses-and-benefits
"
      Expenses and benefits: accommodation: Overview - GOV.UK
  ",https://www.gov.uk/expenses-and-benefits-accommodation
"
      Expenses and benefits: accommodation: Work out the value - GOV.UK
  ",https://www.gov.uk/expenses-and-benefits-accommodation/work-out-the-value
"
      Expenses and benefits: accommodation: What to report and pay - GOV.UK
  ",https://www.gov.uk/expenses-and-benefits-accommodation/what-to-report-and-pay
"
      Expenses and benefits: accommodation: Technical guidance - GOV.UK
  ",https://www.gov.uk/expenses-and-benefits-accommodation/technical-guidance
"
      Expenses and benefits: accommodation: What's exempt - GOV.UK
  ",https://www.gov.uk/expenses-and-benefits-accommodation/whats-exempt
"
      Tax credits: general enquiries - GOV.UK
  ",https://www.gov.uk/government/organisations/hm-revenue-customs/contact/tax-credits-enquiries
"
      Report Benefit Fraud - Beta Assessment - GOV.UK
  ",https://www.gov.uk/service-standard-reports/report-benefit-fraud
"
      LV8: Pipework associated with livestock troughs  - GOV.UK
  ",https://www.gov.uk/countryside-stewardship-grants/pipework-associated-with-livestock-troughs-lv8
Sign in to your childcare account - GOV.UK,https://www.gov.uk/sign-in-childcare-account
"
      Employment and Support Allowance (ESA): Overview - GOV.UK
  ",https://www.gov.uk/employment-support-allowance
"
      Employment and Support Allowance (ESA): Your ESA claim - GOV.UK
  ",https://www.gov.uk/employment-support-allowance/your-esa-claim
"
      Employment and Support Allowance (ESA): How to claim - GOV.UK
  ",https://www.gov.uk/employment-support-allowance/how-to-claim
"
      Employment and Support Allowance (ESA): Working while you claim - GOV.UK
  ",https://www.gov.uk/employment-support-allowance/working-while-you-claim
"
      Employment and Support Allowance (ESA): What you'll get - GOV.UK
  ",https://www.gov.uk/employment-support-allowance/what-youll-get
"
      Employment and Support Allowance (ESA): Eligibility - GOV.UK
  ",https://www.gov.uk/employment-support-allowance/eligibility
"
      Employment and Support Allowance (ESA): Report a change of circumstances - GOV.UK
  ",https://www.gov.uk/employment-support-allowance/change-of-circumstances
"
      Immigration Rules - Immigration Rules part 6: self-employment and business people - Guidance - GOV.UK
  ",https://www.gov.uk/guidance/immigration-rules/immigration-rules-part-6-self-employment-and-business-people
"
      Lay-offs and short-time working: Extra work or claiming benefits - GOV.UK
  ",https://www.gov.uk/lay-offs-short-timeworking/extra-work-or-claiming-benefits
"
      Capital Gains and other taxes manual - Appendix 6: form VO 1030 - form of report to HMIT capital allowances - Guidance - GOV.UK
  ",https://www.gov.uk/guidance/capital-gains-and-other-taxes-manual/appendix-6-form-vo-1030-form-of-report-to-hmit-capital-allowances
"
      Get an advance on your first benefit payment: Overview - GOV.UK
  ",https://www.gov.uk/short-term-benefit-advance
"
      Get an advance on your first benefit payment: How to apply - GOV.UK
  ",https://www.gov.uk/short-term-benefit-advance/how-to-apply
Financial help if you have children - GOV.UK,https://www.gov.uk/browse/childcare-parenting/financial-help-children
"
      Expenses and benefits: subscriptions and professional fees: Overview - GOV.UK
  ",https://www.gov.uk/expenses-benefits-subscriptions-professional-fees
"
      Expenses and benefits: subscriptions and professional fees: Technical guidance - GOV.UK
  ",https://www.gov.uk/expenses-benefits-subscriptions-professional-fees/technical-guidance
"
      Tax on trivial benefits - GOV.UK
  ",https://www.gov.uk/expenses-and-benefits-trivial-benefits
"
      Expenses and benefits: subscriptions and professional fees: What to report and pay - GOV.UK
  ",https://www.gov.uk/expenses-benefits-subscriptions-professional-fees/what-to-report-and-pay
"
      Expenses and benefits: subscriptions and professional fees: What's exempt - GOV.UK
  ",https://www.gov.uk/expenses-benefits-subscriptions-professional-fees/whats-exempt
"
      Expenses and benefits: clothing: Overview - GOV.UK
  ",https://www.gov.uk/expenses-and-benefits-clothing
"
      Expenses and benefits: clothing: Technical guidance - GOV.UK
  ",https://www.gov.uk/expenses-and-benefits-clothing/technical-guidance
"
      Expenses and benefits: clothing: Work out the value - GOV.UK
  ",https://www.gov.uk/expenses-and-benefits-clothing/work-out-the-value
"
      Expenses and benefits: clothing: What's exempt - GOV.UK
  ",https://www.gov.uk/expenses-and-benefits-clothing/whats-exempt
"
      Expenses and benefits: clothing: What to report and pay - GOV.UK
  ",https://www.gov.uk/expenses-and-benefits-clothing/what-to-report-and-pay
"
      Expenses and benefits: retirement benefit schemes - GOV.UK
  ",https://www.gov.uk/expenses-and-benefits-retirement-benefit-schemes
Apply for Marriage Allowance online - GOV.UK,https://www.gov.uk/apply-marriage-allowance
"
      Expenses and benefits: travel and subsistence: Overview - GOV.UK
  ",https://www.gov.uk/expenses-and-benefits-travel
"
      Expenses and benefits: travel and subsistence: Technical guidance - GOV.UK
  ",https://www.gov.uk/expenses-and-benefits-travel/technical-guidance
"
      Expenses and benefits: travel and subsistence: What to report and pay - GOV.UK
  ",https://www.gov.uk/expenses-and-benefits-travel/what-to-report-and-pay
"
      Expenses and benefits: travel and subsistence: What's exempt - GOV.UK
  ",https://www.gov.uk/expenses-and-benefits-travel/whats-exempt
"
      Environmental taxes, reliefs and schemes for businesses: Capital allowances on energy-efficient items - GOV.UK
  ",https://www.gov.uk/green-taxes-and-reliefs/capital-allowances-on-energyefficient-items
Check what help you could get with childcare costs - GOV.UK,https://www.gov.uk/childcare-calculator
Benefits and financial support if you're disabled or have a health condition - GOV.UK,https://www.gov.uk/browse/benefits/disability
Get free childcare if you're working: step by step - GOV.UK,https://www.gov.uk/get-free-childcare-if-youre-working
"
      Expenses and benefits: works bus services - GOV.UK
  ",https://www.gov.uk/expenses-and-benefits-works-bus-services
Report benefit fraud - GOV.UK,https://www.gov.uk/report-benefit-fraud
"
      Tax Free Childcare (Parents) - Alpha Assessment - GOV.UK
  ",https://www.gov.uk/service-standard-reports/tax-free-childcare-parents-alpha-assessment
"
      Expenses and benefits: medical or dental treatment and insurance: Overview - GOV.UK
  ",https://www.gov.uk/expenses-and-benefits-medical-treatment
"
      Expenses and benefits: medical or dental treatment and insurance: Work out the value - GOV.UK
  ",https://www.gov.uk/expenses-and-benefits-medical-treatment/work-out-the-value
"
      Expenses and benefits: medical or dental treatment and insurance: What to report and pay - GOV.UK
  ",https://www.gov.uk/expenses-and-benefits-medical-treatment/what-to-report-and-pay
"
      Expenses and benefits: medical or dental treatment and insurance: Technical guidance - GOV.UK
  ",https://www.gov.uk/expenses-and-benefits-medical-treatment/technical-guidance
"
      Expenses and benefits: parking spaces: Overview - GOV.UK
  ",https://www.gov.uk/expenses-and-benefits-parking-spaces
"
      Expenses and benefits: medical or dental treatment and insurance: What's exempt - GOV.UK
  ",https://www.gov.uk/expenses-and-benefits-medical-treatment/whats-exempt
"
      Expenses and benefits: parking spaces: Technical guidance - GOV.UK
  ",https://www.gov.uk/expenses-and-benefits-parking-spaces/technical-guidance
"
      Expenses and benefits: parking spaces: What to report and pay - GOV.UK
  ",https://www.gov.uk/expenses-and-benefits-parking-spaces/what-to-report-and-pay
"
      Expenses and benefits: parking spaces: What's exempt - GOV.UK
  ",https://www.gov.uk/expenses-and-benefits-parking-spaces/whats-exempt
"
      Repay and manage benefit money you owe: Part One - GOV.UK
  ",https://www.gov.uk/repay-manage-benefit-owed
"
      Parents' Learning Allowance: How to apply - GOV.UK
  ",https://www.gov.uk/parents-learning-allowance/how-to-claim
"
      Parents' Learning Allowance: Overview - GOV.UK
  ",https://www.gov.uk/parents-learning-allowance
"
      Parents' Learning Allowance: Eligibility - GOV.UK
  ",https://www.gov.uk/parents-learning-allowance/eligibility
"
      Parents' Learning Allowance: What you'll get - GOV.UK
  ",https://www.gov.uk/parents-learning-allowance/what-youll-get
"
      Expenses and benefits: assets made available to an employee: Overview - GOV.UK
  ",https://www.gov.uk/expenses-benefits-assets-available-to-employee
"
      Expenses and benefits: assets made available to an employee: Technical guidance - GOV.UK
  ",https://www.gov.uk/expenses-benefits-assets-available-to-employee/technical-guidance
"
      Expenses and benefits: assets made available to an employee: Work out the value - GOV.UK
  ",https://www.gov.uk/expenses-benefits-assets-available-to-employee/work-out-the-value
"
      Expenses and benefits: assets made available to an employee: What to report and pay - GOV.UK
  ",https://www.gov.uk/expenses-benefits-assets-available-to-employee/what-to-report-and-pay
"
      Expenses and benefits: assets made available to an employee: What's exempt - GOV.UK
  ",https://www.gov.uk/expenses-benefits-assets-available-to-employee/whats-exempt
"
      Expenses and benefits: COVID-19 tests and equipment - GOV.UK
  ",https://www.gov.uk/expenses-and-benefits-coronavirus-covid-19-tests-and-equipment
Schools and education - GOV.UK,https://www.gov.uk/browse/childcare-parenting/schools-education
"
      Claim and deal with Child Benefit for someone else: If your child has a baby - GOV.UK
  ",https://www.gov.uk/claim-child-benefit-behalf-someone-else
"
      Claim and deal with Child Benefit for someone else: Authorisation - GOV.UK
  ",https://www.gov.uk/claim-child-benefit-behalf-someone-else/authorisation
"
      Claim and deal with Child Benefit for someone else: Appointees - GOV.UK
  ",https://www.gov.uk/claim-child-benefit-behalf-someone-else/if-someone-ill-or-disabled
"
      Expenses and benefits: items for disabled employees - GOV.UK
  ",https://www.gov.uk/expenses-benefits-items-for-disabled-employees
"
      Expenses and benefits: incidental overnight expenses: Overview - GOV.UK
  ",https://www.gov.uk/expenses-benefits-incidental-overnight-expenses
"
      Expenses and benefits: incidental overnight expenses: Technical guidance - GOV.UK
  ",https://www.gov.uk/expenses-benefits-incidental-overnight-expenses/technical-guidance
"
      Expenses and benefits: incidental overnight expenses: What to report and pay - GOV.UK
  ",https://www.gov.uk/expenses-benefits-incidental-overnight-expenses/what-to-report-and-pay
"
      Expenses and benefits: counselling for employees - GOV.UK
  ",https://www.gov.uk/expenses-and-benefits-counselling
"
      Expenses and benefits: incidental overnight expenses: What's exempt - GOV.UK
  ",https://www.gov.uk/expenses-benefits-incidental-overnight-expenses/whats-exempt
"
      Become an appointee for someone claiming benefits - GOV.UK
  ",https://www.gov.uk/become-appointee-for-someone-claiming-benefits
"
      Contact the Carer's Allowance Unit - GOV.UK
  ",https://www.gov.uk/carers-allowance-unit
"
      Expenses and benefits: holidays: What to report and pay - GOV.UK
  ",https://www.gov.uk/expenses-and-benefits-holidays/what-to-report-and-pay
"
      Expenses and benefits: holidays: Overview - GOV.UK
  ",https://www.gov.uk/expenses-and-benefits-holidays
"
      Carer's Allowance: If you’re working  - GOV.UK
  ",https://www.gov.uk/carers-allowance/if-youre-working-
"
      Carer's Allowance: Report a change in circumstances - GOV.UK
  ",https://www.gov.uk/carers-allowance/further-information
"
      Carer's Allowance: How it works - GOV.UK
  ",https://www.gov.uk/carers-allowance
"
      Carer's Allowance: Make a claim - GOV.UK
  ",https://www.gov.uk/carers-allowance/how-to-claim
"
      Carer's Allowance: Eligibility - GOV.UK
  ",https://www.gov.uk/carers-allowance/eligibility
Challenge and appeal a benefit decision: step by step - GOV.UK,https://www.gov.uk/challenge-appeal-benefit-decision
"
      Severe Disablement Allowance - GOV.UK
  ",https://www.gov.uk/severe-disablement-allowance
"
      Prison life: Pregnancy and childcare in prison - GOV.UK
  ",https://www.gov.uk/life-in-prison/pregnancy-and-childcare-in-prison
"
      Expenses and benefits: entertainment: What to report and pay - GOV.UK
  ",https://www.gov.uk/expenses-and-benefits-entertainment/what-to-report-and-pay
Benefits and financial support if you're caring for someone - GOV.UK,https://www.gov.uk/browse/benefits/help-for-carers
How to claim Universal Credit: step by step - GOV.UK,https://www.gov.uk/how-to-claim-universal-credit
"
      Benefits calculators - GOV.UK
  ",https://www.gov.uk/benefits-calculators
"
      Help if you're a student with a learning difficulty, health problem or disability: Disabled Students' Allowance - GOV.UK
  ",https://www.gov.uk/disabled-students-allowance-dsa
"
      Help if you're a student with a learning difficulty, health problem or disability: How to apply - GOV.UK
  ",https://www.gov.uk/disabled-students-allowance-dsa/how-to-claim
"
      Help someone with their benefit claim: Get advice and information about someone’s claim - GOV.UK
  ",https://www.gov.uk/help-someone-with-benefit-claim/get-advice-and-information-about-someones-claim
Check benefits and financial support you can get - GOV.UK,https://www.gov.uk/check-benefits-financial-support
Childcare and parenting - GOV.UK,https://www.gov.uk/browse/childcare-parenting
"
      Expenses and benefits: business travel mileage for employees' own vehicles: Overview - GOV.UK
  ",https://www.gov.uk/expenses-and-benefits-business-travel-mileage
"
      Expenses and benefits: business travel mileage for employees' own vehicles: Technical guidance - GOV.UK
  ",https://www.gov.uk/expenses-and-benefits-business-travel-mileage/technical-guidance
"
      Expenses and benefits: business travel mileage for employees' own vehicles: Rules for tax - GOV.UK
  ",https://www.gov.uk/expenses-and-benefits-business-travel-mileage/rules-for-tax
"
      Prove you qualify for Child Benefit - GOV.UK
  ",https://www.gov.uk/child-benefit-proof
"
      Housing costs and Universal Credit: What you can get - GOV.UK
  ",https://www.gov.uk/housing-and-universal-credit
"
      Housing costs and Universal Credit: Renting from a private landlord - GOV.UK
  ",https://www.gov.uk/housing-and-universal-credit/renting-from-private-landlord
"
      Find out about money taken off your Universal Credit payment - GOV.UK
  ",https://www.gov.uk/guidance/find-out-about-money-taken-off-your-universal-credit-payment
"
      Going into hospital if you get benefits - GOV.UK
  ",https://www.gov.uk/going-to-hospital-benefits
"
      Budgeting Loans: How they work - GOV.UK
  ",https://www.gov.uk/budgeting-help-benefits
"
      Budgeting Loans: After you apply - GOV.UK
  ",https://www.gov.uk/budgeting-help-benefits/after-you-apply
"
      Budgeting Loans: Apply - GOV.UK
  ",https://www.gov.uk/budgeting-help-benefits/how-to-apply
"
      Budgeting Loans: Paying back the loan - GOV.UK
  ",https://www.gov.uk/budgeting-help-benefits/repayments
"
      Budgeting Loans: What you could get - GOV.UK
  ",https://www.gov.uk/budgeting-help-benefits/what-youll-get
"
      Budgeting Loans: Check if you're eligible - GOV.UK
  ",https://www.gov.uk/budgeting-help-benefits/eligibility
"
      Appeal a benefit decision: Overview - GOV.UK
  ",https://www.gov.uk/appeal-benefit-decision
"
      Appeal a benefit decision: After you submit your appeal - GOV.UK
  ",https://www.gov.uk/appeal-benefit-decision/after-submit-appeal
"
      Appeal a benefit decision: Submit your appeal - GOV.UK
  ",https://www.gov.uk/appeal-benefit-decision/submit-appeal
"
      Universal Credit advances - GOV.UK
  ",https://www.gov.uk/guidance/universal-credit-advances
"
      Universal Credit consent and disclosure of information - GOV.UK
  ",https://www.gov.uk/guidance/universal-credit-consent-and-disclosure-of-information
"
      Housing Benefit: Eligibility - GOV.UK
  ",https://www.gov.uk/housing-benefit
"
      Housing Benefit: Other help with housing costs - GOV.UK
  ",https://www.gov.uk/housing-benefit/other-help-with-housing-costs
"
      Housing Benefit: Report a change of circumstances - GOV.UK
  ",https://www.gov.uk/housing-benefit/report-a-change-of-circumstances
"
      Housing Benefit: How to claim - GOV.UK
  ",https://www.gov.uk/housing-benefit/how-to-claim
"
      Universal Credit childcare costs - GOV.UK
  ",https://www.gov.uk/guidance/universal-credit-childcare-costs
"
      Moving from Housing Benefit to Universal Credit - GOV.UK
  ",https://www.gov.uk/guidance/moving-from-housing-benefit-to-universal-credit
"
      Capital Gains Tax: what you pay it on, rates and allowances: Capital Gains Tax allowances - GOV.UK
  ",https://www.gov.uk/capital-gains-tax/allowances
"
      Universal Credit and students - GOV.UK
  ",https://www.gov.uk/guidance/universal-credit-and-students
Benefits and financial support if you're on a low income - GOV.UK,https://www.gov.uk/browse/benefits/low-income
"
      Tax on a private pension you inherit - GOV.UK
  ",https://www.gov.uk/tax-on-pension-death-benefits
"
      Guardian's Allowance: How to claim - GOV.UK
  ",https://www.gov.uk/guardians-allowance/how-to-claim
"
      Guardian's Allowance: Eligibility - GOV.UK
  ",https://www.gov.uk/guardians-allowance/eligibility
"
      Guardian's Allowance: What you'll get - GOV.UK
  ",https://www.gov.uk/guardians-allowance/what-youll-get
"
      DBS checks for childminders and childcare workers - GOV.UK
  ",https://www.gov.uk/guidance/criminal-record-checks-for-childminders-and-childcare-workers
Sign in to your Universal Credit account - GOV.UK,https://www.gov.uk/sign-in-universal-credit
"
      Capital Gains Tax rates and allowances - GOV.UK
  ",https://www.gov.uk/guidance/capital-gains-tax-rates-and-allowances
"
      Daycare providers on the compulsory Childcare Register: Ofsted requirements - GOV.UK
  ",https://www.gov.uk/guidance/daycare-providers-on-the-compulsory-childcare-register-ofsted-requirements
"
      Jobseeker's Allowance (JSA): Report a change of circumstances - GOV.UK
  ",https://www.gov.uk/jobseekers-allowance/report-a-change-of-circumstances
"
      Jobseeker's Allowance (JSA): Your JSA claim - GOV.UK
  ",https://www.gov.uk/jobseekers-allowance/your-jsa-claim
"
      Jobseeker's Allowance (JSA): If you’re getting income-based JSA - GOV.UK
  ",https://www.gov.uk/jobseekers-allowance/if-youre-getting-income-based-jsa
"
      Jobseeker's Allowance (JSA): How it works - GOV.UK
  ",https://www.gov.uk/jobseekers-allowance
"
      Jobseeker's Allowance (JSA): Your JSA interview - GOV.UK
  ",https://www.gov.uk/jobseekers-allowance/your-jsa-interview
"
      Jobseeker's Allowance (JSA): Apply for New Style Jobseeker's Allowance (JSA) - GOV.UK
  ",https://www.gov.uk/jobseekers-allowance/apply-new-style-jsa
"
      Jobseeker's Allowance (JSA): Eligibility - GOV.UK
  ",https://www.gov.uk/jobseekers-allowance/eligibility
"
      Valuation of company benefits (480: Chapter 6) - GOV.UK
  ",https://www.gov.uk/guidance/valuation-of-company-benefits-480-chapter-6
"
      Self Assessment – expenses and benefits (480: Appendix 10) - GOV.UK
  ",https://www.gov.uk/guidance/self-assessment-expenses-and-benefits-480-appendix-10
"
      Information pension scheme administrators must give to members - GOV.UK
  ",https://www.gov.uk/guidance/pension-administrators-annual-and-lifetime-allowance-statements
"
      Rates for Air Passenger Duty - GOV.UK
  ",https://www.gov.uk/guidance/rates-and-allowances-for-air-passenger-duty
"
      Financial help if you're disabled: Disability and sickness benefits - GOV.UK
  ",https://www.gov.uk/financial-help-disabled/disability-and-sickness-benefits
"
      Attendance Allowance: Overview - GOV.UK
  ",https://www.gov.uk/attendance-allowance
"
      Attendance Allowance: Report a change in circumstances - GOV.UK
  ",https://www.gov.uk/attendance-allowance/report-change-in-circumstances
"
      Attendance Allowance: How to claim - GOV.UK
  ",https://www.gov.uk/attendance-allowance/how-to-claim
"
      Attendance Allowance: What you'll get - GOV.UK
  ",https://www.gov.uk/attendance-allowance/what-youll-get
Child Benefit tax calculator - GOV.UK,https://www.gov.uk/child-benefit-tax-calculator
"
      HMRC videos for tax credits - GOV.UK
  ",https://www.gov.uk/guidance/help-and-support-with-tax-credits
"
      Move to Universal Credit if you get a Migration Notice letter - GOV.UK
  ",https://www.gov.uk/guidance/tax-credits-and-some-benefits-are-ending-move-to-universal-credit
"
      Tax credits: payments - GOV.UK
  ",https://www.gov.uk/government/organisations/hm-revenue-customs/contact/tax-credits-payment
"
      Report payments and view your allowance for non-customs state aid and customs duty waiver claims - GOV.UK
  ",https://www.gov.uk/guidance/report-payments-and-view-your-allowance-for-non-customs-state-aid-and-customs-duty-waiver-claims
"
      Child Benefit: Make a change to your claim - GOV.UK
  ",https://www.gov.uk/child-benefit/make-a-change-to-your-claim
"
      Child Benefit: Make a claim - GOV.UK
  ",https://www.gov.uk/child-benefit/how-to-claim
"
      Child Benefit: Get help with your claim - GOV.UK
  ",https://www.gov.uk/child-benefit/get-help-with-your-claim
"
      Child Benefit: What you'll get - GOV.UK
  ",https://www.gov.uk/child-benefit/what-youll-get
"
      Child Benefit: How it works - GOV.UK
  ",https://www.gov.uk/child-benefit
"
      Child Benefit: Eligibility - GOV.UK
  ",https://www.gov.uk/child-benefit/eligibility
"
      High Income Child Benefit Charge: Overview - GOV.UK
  ",https://www.gov.uk/child-benefit-tax-charge
"
      High Income Child Benefit Charge: Pay the tax charge - GOV.UK
  ",https://www.gov.uk/child-benefit-tax-charge/pay-the-charge
"
      High Income Child Benefit Charge: Restart your Child Benefit payments - GOV.UK
  ",https://www.gov.uk/child-benefit-tax-charge/restart-child-benefit
"
      How to work out the benefit of a company car (480: Chapter 12) - GOV.UK
  ",https://www.gov.uk/guidance/how-to-work-out-the-benefit-of-a-company-car-480-chapter-12
"
      Universal Credit: What Universal Credit is - GOV.UK
  ",https://www.gov.uk/universal-credit
"
      Universal Credit: Contact Universal Credit - GOV.UK
  ",https://www.gov.uk/universal-credit/contact-universal-credit
"
      Universal Credit: Financial help and support - GOV.UK
  ",https://www.gov.uk/universal-credit/other-financial-support
"
      Universal Credit: Report a change of circumstances - GOV.UK
  ",https://www.gov.uk/universal-credit/changes-of-circumstances
"
      Universal Credit: Your claimant commitment - GOV.UK
  ",https://www.gov.uk/universal-credit/your-claimant-commitment
"
      Universal Credit: How to claim - GOV.UK
  ",https://www.gov.uk/universal-credit/how-to-claim
"
      Universal Credit: Get an advance on your first payment - GOV.UK
  ",https://www.gov.uk/universal-credit/get-an-advance-first-payment
"
      Universal Credit: How your wages affect your payments - GOV.UK
  ",https://www.gov.uk/universal-credit/how-your-wages-affect-your-payments
"
      Universal Credit: How you're paid - GOV.UK
  ",https://www.gov.uk/universal-credit/how-youre-paid
"
      Universal Credit: Eligibility - GOV.UK
  ",https://www.gov.uk/universal-credit/eligibility
"
      Universal Credit: What you'll get - GOV.UK
  ",https://www.gov.uk/universal-credit/what-youll-get
"
      Disability Living Allowance (DLA) for children: Overview - GOV.UK
  ",https://www.gov.uk/disability-living-allowance-children
"
      Disability Living Allowance (DLA) for children: How to claim - GOV.UK
  ",https://www.gov.uk/disability-living-allowance-children/how-to-claim
"
      Disability Living Allowance (DLA) for children: DLA rates for children - GOV.UK
  ",https://www.gov.uk/disability-living-allowance-children/rates
"
      Tax credits if you leave or move to the UK: Your family lives abroad - GOV.UK
  ",https://www.gov.uk/tax-credits-if-moving-country-or-travelling
"
      Tax credits if you leave or move to the UK: You live outside the UK - GOV.UK
  ",https://www.gov.uk/tax-credits-if-moving-country-or-travelling/you-live-outside-the-uk
"
      Tax credits if you leave or move to the UK: Going abroad - GOV.UK
  ",https://www.gov.uk/tax-credits-if-moving-country-or-travelling/going-abroad-temporarily
"
      Families with more than 2 children: claiming benefits - GOV.UK
  ",https://www.gov.uk/guidance/claiming-benefits-for-2-or-more-children
"
      Child Benefit: general enquiries - GOV.UK
  ",https://www.gov.uk/government/organisations/hm-revenue-customs/contact/child-benefit
"
      Sending car data to HMRC: payrolling car benefit and car fuel benefit - GOV.UK
  ",https://www.gov.uk/guidance/sending-car-data-to-hmrc-payrolling-car-benefit
"
      Volunteering and claiming benefits - GOV.UK
  ",https://www.gov.uk/guidance/volunteering-and-claiming-benefits
"
      New Style Employment and Support Allowance - GOV.UK
  ",https://www.gov.uk/guidance/new-style-employment-and-support-allowance
"
      Maternity Allowance: Overview - GOV.UK
  ",https://www.gov.uk/maternity-allowance
"
      Maternity Allowance: Report a change of circumstances - GOV.UK
  ",https://www.gov.uk/maternity-allowance/report-a-change-of-circumstances
"
      Maternity Allowance: What you'll get - GOV.UK
  ",https://www.gov.uk/maternity-allowance/what-youll-get
"
      Maternity Allowance: How to claim - GOV.UK
  ",https://www.gov.uk/maternity-allowance/how-to-claim
"
      Maternity Allowance: Eligibility - GOV.UK
  ",https://www.gov.uk/maternity-allowance/eligibility
"
      Child Benefit payment dates: When you get paid - GOV.UK
  ",https://www.gov.uk/child-benefit-payment-dates
"
      Child Benefit payment dates: Bank holidays - GOV.UK
  ",https://www.gov.uk/child-benefit-payment-dates/bank-holidays
"
      Childcare: reporting children’s accidents and injuries - GOV.UK
  ",https://www.gov.uk/guidance/childcare-reporting-childrens-accidents-and-injuries
Carer's Allowance: report changes - GOV.UK,https://www.gov.uk/carers-allowance-report-change
"
      New Style Employment and Support Allowance: detailed guide - GOV.UK
  ",https://www.gov.uk/guidance/new-style-employment-and-support-allowance-detailed-guide
"
      Help with moving from benefits to work: Help for parents and carers - GOV.UK
  ",https://www.gov.uk/moving-from-benefits-to-work/help-for-parents-and-carers
"
      Sign up to Tax-Free Childcare if you’re a childcare provider - GOV.UK
  ",https://www.gov.uk/guidance/sign-up-to-tax-free-childcare-if-youre-a-childcare-provider
"
      Payrolling: changes affecting benefits and expenses - GOV.UK
  ",https://www.gov.uk/guidance/payrolling-changes-affecting-benefits-and-expenses
"
      Work out your reduced (tapered) annual allowance - GOV.UK
  ",https://www.gov.uk/guidance/pension-schemes-work-out-your-tapered-annual-allowance
"
      Expenses and benefits: social functions and parties: Overview - GOV.UK
  ",https://www.gov.uk/expenses-benefits-social-functions-parties
"
      Expenses and benefits: social functions and parties: What to report and pay - GOV.UK
  ",https://www.gov.uk/expenses-benefits-social-functions-parties/what-to-report-and-pay
"
      Claiming capital allowances for structures and buildings - GOV.UK
  ",https://www.gov.uk/guidance/claiming-capital-allowances-for-structures-and-buildings
"
      Changes to Employment Allowance - GOV.UK
  ",https://www.gov.uk/guidance/changes-to-employment-allowance
"
      Local Housing Allowance - GOV.UK
  ",https://www.gov.uk/guidance/local-housing-allowance
"
      Personal Independence Payment (PIP): What PIP is for - GOV.UK
  ",https://www.gov.uk/pip
"
      Personal Independence Payment (PIP): Change of circumstances - GOV.UK
  ",https://www.gov.uk/pip/change-of-circumstances
"
      Personal Independence Payment (PIP): Claiming PIP if you might have 12 months or less to live - GOV.UK
  ",https://www.gov.uk/pip/claiming-if-you-might-have-12-months-or-less-to-live
"
      Personal Independence Payment (PIP): If your PIP claim is reviewed - GOV.UK
  ",https://www.gov.uk/pip/when-your-pip-claim-is-reviewed
"
      Personal Independence Payment (PIP):  Eligibility - GOV.UK
  ",https://www.gov.uk/pip/eligibility
"
      Personal Independence Payment (PIP): How to claim - GOV.UK
  ",https://www.gov.uk/pip/how-to-claim
"
      Personal Independence Payment (PIP): How much you’ll get - GOV.UK
  ",https://www.gov.uk/pip/how-much-youll-get
"
      Protect your pension lifetime allowance - GOV.UK
  ",https://www.gov.uk/guidance/pension-schemes-protect-your-lifetime-allowance
"
      Tax credits overpayments: Overview - GOV.UK
  ",https://www.gov.uk/tax-credits-overpayments
"
      Tax credits: your payment dates - GOV.UK
  ",https://www.gov.uk/when-is-your-next-tax-credits-payment
"
      Tax credits overpayments: How to repay your tax credits - GOV.UK
  ",https://www.gov.uk/tax-credits-overpayments/repay-your-tax-credits
"
      Tax credits if you have a baby - GOV.UK
  ",https://www.gov.uk/tax-credits-if-you-have-baby
"
      Working Tax Credit: Eligibility - GOV.UK
  ",https://www.gov.uk/working-tax-credit
"
      Working Tax Credit: How to claim - GOV.UK
  ",https://www.gov.uk/working-tax-credit/how-to-claim
"
      Working Tax Credit: What you'll get - GOV.UK
  ",https://www.gov.uk/working-tax-credit/what-youll-get
"
      How to claim tax credits: How to claim - GOV.UK
  ",https://www.gov.uk/claim-tax-credits
"
      Report changes that affect your tax credits - GOV.UK
  ",https://www.gov.uk/changes-affect-tax-credits
"
      Expenses and benefits: mobile phones: What to report and pay - GOV.UK
  ",https://www.gov.uk/expenses-and-benefits-mobile-phones/what-to-report-and-pay
Pregnancy and birth - GOV.UK,https://www.gov.uk/browse/childcare-parenting/pregnancy-birth
"
      Help paying for childcare: Childcare you can get help paying for - GOV.UK
  ",https://www.gov.uk/help-with-childcare-costs
"
      Help paying for childcare: Childcare vouchers and other employer schemes - GOV.UK
  ",https://www.gov.uk/help-with-childcare-costs/childcare-vouchers
"
      Help paying for childcare: Tax credits and childcare - GOV.UK
  ",https://www.gov.uk/help-with-childcare-costs/tax-credits
"
      Help paying for childcare: Free education and childcare for 2-year-olds if you claim certain benefits - GOV.UK
  ",https://www.gov.uk/help-with-childcare-costs/free-childcare-2-year-olds-claim-benefits
"
      Check you're eligible for free childcare if you're working - GOV.UK
  ",https://www.gov.uk/check-eligible-free-childcare-if-youre-working
Get Tax-Free Childcare: step by step - GOV.UK,https://www.gov.uk/get-tax-free-childcare
"
      Apply for Specified Adult Childcare credits - GOV.UK
  ",https://www.gov.uk/guidance/apply-for-specified-adult-childcare-credits
"
      Being made redundant: finding work, claiming benefits and managing debts - GOV.UK
  ",https://www.gov.uk/guidance/redundancy-help-finding-work-and-claiming-benefits
"
      Benefits and pensions for EEA and Swiss citizens in the UK - GOV.UK
  ",https://www.gov.uk/guidance/benefits-and-pensions-for-eea-and-swiss-citizens-in-the-uk
"
      Sign in to your childcare provider account for Tax-Free Childcare - GOV.UK
  ",https://www.gov.uk/guidance/sign-in-to-your-childcare-provider-account-for-tax-free-childcare
"
      Flood risk assessments: climate change allowances - GOV.UK
  ",https://www.gov.uk/guidance/flood-risk-assessments-climate-change-allowances
"
      Childcare for service children - GOV.UK
  ",https://www.gov.uk/guidance/childcare-for-service-children
"
      Public benefit: rules for charities - GOV.UK
  ",https://www.gov.uk/guidance/public-benefit-rules-for-charities
"
      [Withdrawn] Check if you can claim a grant through the Self-Employment Income Support Scheme - GOV.UK
  ",https://www.gov.uk/guidance/claim-a-grant-through-the-coronavirus-covid-19-self-employment-income-support-scheme
"
      Contact the Disability Service Centre - GOV.UK
  ",https://www.gov.uk/disability-benefits-helpline
"
      Expenses and benefits: childcare: Overview - GOV.UK
  ",https://www.gov.uk/expenses-and-benefits-childcare
"
      Expenses and benefits: childcare: What's exempt - GOV.UK
  ",https://www.gov.uk/expenses-and-benefits-childcare/whats-exempt
"
      Expenses and benefits: meals for employees and directors: What to report and pay - GOV.UK
  ",https://www.gov.uk/expenses-benefits-meals-employees-directors/what-to-report-and-pay
"
      Expenses and benefits: meals for employees and directors: Overview - GOV.UK
  ",https://www.gov.uk/expenses-benefits-meals-employees-directors
"
      Expenses and benefits: meals for employees and directors: What's exempt - GOV.UK
  ",https://www.gov.uk/expenses-benefits-meals-employees-directors/whats-exempt
"
      Expenses and benefits: compensation for injuries at work - GOV.UK
  ",https://www.gov.uk/expenses-benefits-compensation-injuries-at-work
"
      Childcare Grant: Overview - GOV.UK
  ",https://www.gov.uk/childcare-grant
"
      Industrial Injuries Disablement Benefit: How to claim - GOV.UK
  ",https://www.gov.uk/industrial-injuries-disablement-benefit/how-to-claim
"
      Industrial Injuries Disablement Benefit: Eligibility - GOV.UK
  ",https://www.gov.uk/industrial-injuries-disablement-benefit/eligibility
"
      Expenses and benefits: A to Z - GOV.UK
  ",https://www.gov.uk/expenses-and-benefits-a-to-z
"
      Expenses and benefits: gifts to employees - GOV.UK
  ",https://www.gov.uk/expenses-and-benefits-gifts-to-employees
"
      Child Benefit complaints - GOV.UK
  ",https://www.gov.uk/child-benefit-complaints
"
      Tax credits: appeals and complaints: Overview - GOV.UK
  ",https://www.gov.uk/tax-credits-appeals-complaints
"
      Industrial Injuries Disablement Benefit: Overview - GOV.UK
  ",https://www.gov.uk/industrial-injuries-disablement-benefit
"
      Expenses and benefits: social functions and parties: What's exempt - GOV.UK
  ",https://www.gov.uk/expenses-benefits-social-functions-parties/whats-exempt
"
      Help with moving from benefits to work: Overview - GOV.UK
  ",https://www.gov.uk/moving-from-benefits-to-work
"
      Check if you can claim super-deduction or special rate first year allowances - GOV.UK
  ",https://www.gov.uk/guidance/check-if-you-can-claim-super-deduction-or-special-rate-first-year-allowances
"
      New Style Jobseeker's Allowance - GOV.UK
  ",https://www.gov.uk/guidance/new-style-jobseekers-allowance
"
      Disability Living Allowance (DLA) for children: Eligibility - GOV.UK
  ",https://www.gov.uk/disability-living-allowance-children/eligibility
"
      People connected with Ofsted-registered childcare - GOV.UK
  ",https://www.gov.uk/guidance/people-connected-with-ofsted-registered-childcare
"
      Attendance Allowance: Eligibility - GOV.UK
  ",https://www.gov.uk/attendance-allowance/eligibility
"
      Tax-free allowances on property and trading income - GOV.UK
  ",https://www.gov.uk/guidance/tax-free-allowances-on-property-and-trading-income
"
      Payrolling employees: taxable benefits and expenses - GOV.UK
  ",https://www.gov.uk/guidance/paying-your-employees-expenses-and-benefits-through-your-payroll
"
      Housing Benefit: What you'll get - GOV.UK
  ",https://www.gov.uk/housing-benefit/what-youll-get
"
      Universal Credit and earnings - GOV.UK
  ",https://www.gov.uk/guidance/universal-credit-and-earnings
"
      Housing costs and Universal Credit: Living in a property you own - GOV.UK
  ",https://www.gov.uk/housing-and-universal-credit/property-you-own
"
      Housing costs and Universal Credit: How to claim - GOV.UK
  ",https://www.gov.uk/housing-and-universal-credit/how-to-claim
"
      Expenses and benefits: business travel mileage for employees' own vehicles: Overview - GOV.UK
  ",https://www.gov.uk/expenses-and-benefits-business-travel-mileage
"
      Income Tax: introduction: Tax-free and taxable state benefits - GOV.UK
  ",https://www.gov.uk/income-tax/taxfree-and-taxable-state-benefits
"
      Help if you're a student with a learning difficulty, health problem or disability: Eligibility - GOV.UK
  ",https://www.gov.uk/disabled-students-allowance-dsa/eligibility
Benefits and financial support for families - GOV.UK,https://www.gov.uk/browse/benefits/families
"
      Expenses and benefits: entertainment: Overview - GOV.UK
  ",https://www.gov.uk/expenses-and-benefits-entertainment
"
      Carer's Allowance: Effect on other benefits - GOV.UK
  ",https://www.gov.uk/carers-allowance/effect-on-other-benefits
"
      [Withdrawn] New one-off £500 payment for working households receiving tax credits - GOV.UK
  ",https://www.gov.uk/guidance/new-one-off-500-payment-for-working-households-receiving-tax-credits
Calculate your Married Couple’s Allowance - GOV.UK,https://www.gov.uk/calculate-married-couples-allowance
"
      Disposing of a super-deduction or special rate first year allowance asset - GOV.UK
  ",https://www.gov.uk/guidance/disposing-of-a-super-deduction-or-special-rate-first-year-allowance-asset
"
      Apply to join the Childcare Register (CR1) - GOV.UK
  ",https://www.gov.uk/guidance/apply-to-join-the-childcare-register-cr1
"
      Disability Living Allowance (DLA) for children: Changes you need to report - GOV.UK
  ",https://www.gov.uk/disability-living-allowance-children/changes-you-need-to-report
"
      Work out the appropriate percentage for company car benefits (480: Appendix 2) - GOV.UK
  ",https://www.gov.uk/guidance/company-car-benefit-the-appropriate-percentage-480-appendix-2
"
      Education and childcare: Homes for Ukraine - GOV.UK
  ",https://www.gov.uk/guidance/education-and-childcare-homes-for-ukraine
"
      U10 waste exemption: spreading waste to benefit agricultural land - GOV.UK
  ",https://www.gov.uk/guidance/waste-exemption-u10-spreading-waste-to-benefit-agricultural-land
"
      EU Settlement Scheme: UK tax and benefits records automated check - GOV.UK
  ",https://www.gov.uk/guidance/eu-settlement-scheme-uk-tax-and-benefits-records-automated-check
"
      Make benefit debt deductions from an employee's pay: Overview - GOV.UK
  ",https://www.gov.uk/make-benefit-debt-deductions
"
      Make benefit debt deductions from an employee's pay: How it works - GOV.UK
  ",https://www.gov.uk/make-benefit-debt-deductions/how-it-works
"
      Tax credits overpayments: If you get Universal Credit - GOV.UK
  ",https://www.gov.uk/tax-credits-overpayments/universal-credit
"
      Tax credits overpayments: If you cannot afford your repayments - GOV.UK
  ",https://www.gov.uk/tax-credits-overpayments/cant-afford-repayments
"
      Check if you have unused annual allowances on your pension savings - GOV.UK
  ",https://www.gov.uk/guidance/check-if-you-have-unused-annual-allowances-on-your-pension-savings
"
      Working Tax Credit: Leave and gaps in your employment - GOV.UK
  ",https://www.gov.uk/working-tax-credit/further-information
"
      Working Tax Credit: Eligibility - GOV.UK
  ",https://www.gov.uk/working-tax-credit
"
      Help paying for childcare: Universal Credit and childcare - GOV.UK
  ",https://www.gov.uk/help-with-childcare-costs/universal-credit
"
      Claiming benefits if you live, move or travel abroad: Benefits for carers and people with disabilities  - GOV.UK
  ",https://www.gov.uk/claim-benefits-abroad/disability-benefits
"
      Payrolling: tax employees' benefits and expenses through your payroll - GOV.UK
  ",https://www.gov.uk/guidance/payrolling-tax-employees-benefits-and-expenses-through-your-payroll
"
      Industrial Injuries Disablement Benefit: What you'll get - GOV.UK
  ",https://www.gov.uk/industrial-injuries-disablement-benefit/what-youll-get
"
      Tax credits: appeals and complaints: Dispute a tax credits overpayment - GOV.UK
  ",https://www.gov.uk/tax-credits-appeals-complaints/dispute-tax-credits-overpayment
